{"cameraMode":{"drawMode":0,"name":"Shaded","section":"Shading Mode"},"sceneLighting":true,"audioPlay":false,"sceneViewState":{"m_AlwaysRefresh":false,"showFog":true,"showSkybox":true,"showFlares":true,"showImageEffects":true,"showParticleSystems":true,"showVisualEffectGraphs":true,"m_FxEnabled":true},"in2DMode":false,"pivot":{"x":-159.41514587402345,"y":-36.20890426635742,"z":13.22571086883545},"rotation":{"x":-0.3370691239833832,"y":0.006747161969542503,"z":-0.0025098309852182867,"w":-0.9414954781532288},"size":394.08575439453127,"orthographic":false}