{"cameraMode":{"drawMode":0,"name":"Shaded","section":"Shading Mode"},"sceneLighting":false,"audioPlay":false,"sceneViewState":{"m_AlwaysRefresh":false,"showFog":true,"showSkybox":false,"showFlares":true,"showImageEffects":true,"showParticleSystems":true,"showVisualEffectGraphs":true,"m_FxEnabled":true},"in2DMode":false,"pivot":{"x":-0.36467015743255618,"y":0.23875963687896729,"z":0.7369073629379273},"rotation":{"x":0.06659878045320511,"y":0.93314528465271,"z":-0.2612687647342682,"w":0.2378598153591156},"size":0.10337987542152405,"orthographic":false}