{"cameraMode":{"drawMode":0,"name":"Shaded","section":"Shading Mode"},"sceneLighting":false,"audioPlay":false,"sceneViewState":{"m_AlwaysRefresh":false,"showFog":true,"showSkybox":false,"showFlares":true,"showImageEffects":true,"showParticleSystems":true,"showVisualEffectGraphs":true,"m_FxEnabled":true},"in2DMode":false,"pivot":{"x":-1.9965834617614747,"y":0.48889705538749697,"z":-2.7764763832092287},"rotation":{"x":0.11342742294073105,"y":0.8742640614509583,"z":-0.24588842689990998,"w":0.40304526686668398},"size":3.4923250675201418,"orthographic":false}