{"cameraMode":{"drawMode":0,"name":"Shaded","section":"Shading Mode"},"sceneLighting":false,"audioPlay":false,"sceneViewState":{"m_AlwaysRefresh":false,"showFog":true,"showSkybox":false,"showFlares":true,"showImageEffects":true,"showParticleSystems":true,"showVisualEffectGraphs":true,"m_FxEnabled":true},"in2DMode":false,"pivot":{"x":-0.08151918649673462,"y":0.01011127233505249,"z":-0.08402359485626221},"rotation":{"x":0.11342742294073105,"y":0.8742640614509583,"z":-0.24588842689990998,"w":0.40304526686668398},"size":3.4923250675201418,"orthographic":false}