{"cameraMode":{"drawMode":0,"name":"Shaded","section":"Shading Mode"},"sceneLighting":false,"audioPlay":false,"sceneViewState":{"m_AlwaysRefresh":false,"showFog":true,"showSkybox":false,"showFlares":true,"showImageEffects":true,"showParticleSystems":true,"showVisualEffectGraphs":true,"m_FxEnabled":true},"in2DMode":false,"pivot":{"x":0.14730149507522584,"y":0.11601865291595459,"z":-0.17120343446731568},"rotation":{"x":0.6164082288742065,"y":0.010419873520731926,"z":-0.008113846182823182,"w":0.787386953830719},"size":48.121917724609378,"orthographic":false}