{"cameraMode":{"drawMode":0,"name":"Shaded","section":"Shading Mode"},"sceneLighting":false,"audioPlay":false,"sceneViewState":{"m_AlwaysRefresh":false,"showFog":true,"showSkybox":false,"showFlares":true,"showImageEffects":true,"showParticleSystems":true,"showVisualEffectGraphs":true,"m_FxEnabled":true},"in2DMode":false,"pivot":{"x":-0.6564613580703735,"y":-0.29972201585769656,"z":1.3633599281311036},"rotation":{"x":0.09380070120096207,"y":-0.07399684190750122,"z":0.007022351957857609,"w":0.9928690195083618},"size":3.1758921146392824,"orthographic":false}